start_time,start_station,end_station,ladybug_path,foot_total_duration,ladybug_board_time,ladybug_duration,ladybug_total_duration,transportation
661.05,가천대_반도체대학,가천대_학생회관,가천대_반도체대학 -> 가천대_학생회관,3.5748,665.0,1.051764705882353,5.001764705882351,foot
679.0833333333334,가천대_총학생회,가천대_반도체대학,가천대_총학생회 -> 가천대_일반대학원 -> 가천대_반도체대학,9.3252,681.3,2.743764705882353,4.960431372548896,ladybug
641.35,가천대_반도체대학,가천대_일반대학원,가천대_반도체대학 -> 가천대_학생회관 -> 가천대_교육대학원 -> 가천대_ai공학관 -> 가천대_총학생회 -> 가천대_일반대학원,4.2336,645.0,5.900117647058822,9.550117647058755,foot
632.15,가천대_반도체대학,가천대_ai공학관,가천대_반도체대학 -> 가천대_학생회관 -> 가천대_교육대학원 -> 가천대_ai공학관,11.779200000000001,635.0,3.6808235294117635,6.530823529411805,ladybug
618.35,가천대_반도체대학,가천대_교육대학원,가천대_반도체대학 -> 가천대_학생회관 -> 가천대_교육대학원,6.7644,625.0,2.1091764705882348,8.759176470588159,foot
653.1833333333333,가천대_반도체대학,가천대_ai공학관,가천대_반도체대학 -> 가천대_학생회관 -> 가천대_교육대학원 -> 가천대_ai공학관,11.779200000000001,655.0,3.6808235294117635,5.497490196078502,ladybug
636.1,가천대_학생회관,가천대_반도체대학,가천대_학생회관 -> 가천대_교육대학원 -> 가천대_ai공학관 -> 가천대_총학생회 -> 가천대_일반대학원 -> 가천대_반도체대학,3.5748,636.6,6.0938823529411765,6.593882352941137,foot
670.1,가천대_반도체대학,가천대_학생회관,가천대_반도체대학 -> 가천대_학생회관,3.5748,675.0,1.051764705882353,5.951764705882283,foot
654.45,가천대_반도체대학,가천대_학생회관,가천대_반도체대학 -> 가천대_학생회관,3.5748,655.0,1.051764705882353,1.6017647058822604,ladybug
609.5833333333334,가천대_반도체대학,가천대_학생회관,가천대_반도체대학 -> 가천대_학생회관,3.5748,615.0,1.051764705882353,6.468431372548935,foot
658.9333333333333,가천대_반도체대학,가천대_ai공학관,가천대_반도체대학 -> 가천대_학생회관 -> 가천대_교육대학원 -> 가천대_ai공학관,11.779200000000001,665.0,3.6808235294117635,9.747490196078502,ladybug
601.1,가천대_반도체대학,가천대_교육대학원,가천대_반도체대학 -> 가천대_학생회관 -> 가천대_교육대학원,6.7644,605.0,2.1091764705882348,6.009176470588159,ladybug
675.85,가천대_반도체대학,가천대_학생회관,가천대_반도체대학 -> 가천대_학생회관,3.5748,685.0,1.051764705882353,10.201764705882283,foot
704.1666666666666,가천대_반도체대학,가천대_학생회관,가천대_반도체대학 -> 가천대_학생회관,3.5748,705.0,1.051764705882353,1.885098039215677,ladybug
709.25,가천대_반도체대학,가천대_교육대학원,가천대_반도체대학 -> 가천대_학생회관 -> 가천대_교육대학원,6.7644,715.0,2.1091764705882348,7.8591764705881815,foot
608.4166666666666,가천대_교육대학원,가천대_반도체대학,가천대_교육대학원 -> 가천대_ai공학관 -> 가천대_총학생회 -> 가천대_일반대학원 -> 가천대_반도체대학,6.7644,618.1,5.036470588235294,14.719803921568655,foot
703.25,가천대_총학생회,가천대_반도체대학,가천대_총학생회 -> 가천대_일반대학원 -> 가천대_반도체대학,9.3252,711.3,2.743764705882353,10.793764705882268,foot
625.5333333333333,가천대_ai공학관,가천대_반도체대학,가천대_ai공학관 -> 가천대_총학생회 -> 가천대_일반대학원 -> 가천대_반도체대학,11.779200000000001,630.0,3.464823529411765,7.931490196078471,ladybug
667.6833333333333,가천대_학생회관,가천대_ai공학관,가천대_학생회관 -> 가천대_교육대학원 -> 가천대_ai공학관,8.612400000000001,676.6,2.629058823529411,11.545725490196105,foot
651.0666666666667,가천대_학생회관,가천대_반도체대학,가천대_학생회관 -> 가천대_교육대학원 -> 가천대_ai공학관 -> 가천대_총학생회 -> 가천대_일반대학원 -> 가천대_반도체대학,3.5748,656.6,6.0938823529411765,11.62721568627444,foot
632.85,가천대_반도체대학,가천대_학생회관,가천대_반도체대학 -> 가천대_학생회관,3.5748,635.0,1.051764705882353,3.201764705882283,ladybug
665.4166666666666,가천대_일반대학원,가천대_교육대학원,가천대_일반대학원 -> 가천대_반도체대학 -> 가천대_학생회관 -> 가천대_교육대학원,2.5320000000000005,673.3,3.354705882352941,11.238039215686285,foot
645.85,가천대_총학생회,가천대_반도체대학,가천대_총학생회 -> 가천대_일반대학원 -> 가천대_반도체대학,9.3252,651.3,2.743764705882353,8.193764705882245,ladybug
642.4166666666666,가천대_교육대학원,가천대_반도체대학,가천대_교육대학원 -> 가천대_ai공학관 -> 가천대_총학생회 -> 가천대_일반대학원 -> 가천대_반도체대학,6.7644,648.1,5.036470588235294,10.719803921568655,foot
707.0166666666667,가천대_학생회관,가천대_반도체대학,가천대_학생회관 -> 가천대_교육대학원 -> 가천대_ai공학관 -> 가천대_총학생회 -> 가천대_일반대학원 -> 가천대_반도체대학,3.5748,716.6,6.0938823529411765,15.677215686274508,foot
621.1666666666666,가천대_교육대학원,가천대_총학생회,가천대_교육대학원 -> 가천대_ai공학관 -> 가천대_총학생회,2.8896,628.1,2.2927058823529407,9.226039215686342,foot
622.8166666666667,가천대_반도체대학,가천대_교육대학원,가천대_반도체대학 -> 가천대_학생회관 -> 가천대_교육대학원,6.7644,625.0,2.1091764705882348,4.292509803921462,ladybug
681.0333333333333,가천대_반도체대학,가천대_학생회관,가천대_반도체대학 -> 가천대_학생회관,3.5748,685.0,1.051764705882353,5.018431372549003,foot
662.15,가천대_학생회관,가천대_반도체대학,가천대_학생회관 -> 가천대_교육대학원 -> 가천대_ai공학관 -> 가천대_총학생회 -> 가천대_일반대학원 -> 가천대_반도체대학,3.5748,666.6,6.0938823529411765,10.543882352941182,foot
717.8666666666667,가천대_반도체대학,가천대_일반대학원,가천대_반도체대학 -> 가천대_학생회관 -> 가천대_교육대학원 -> 가천대_ai공학관 -> 가천대_총학생회 -> 가천대_일반대학원,4.2336,725.0,5.900117647058822,13.033450980392104,foot
678.4,가천대_반도체대학,가천대_총학생회,가천대_반도체대학 -> 가천대_학생회관 -> 가천대_교육대학원 -> 가천대_ai공학관 -> 가천대_총학생회,9.3252,685.0,4.4018823529411755,11.001882352941152,foot
670.3833333333333,가천대_반도체대학,가천대_학생회관,가천대_반도체대학 -> 가천대_학생회관,3.5748,675.0,1.051764705882353,5.66843137254898,foot
676.1333333333333,가천대_학생회관,가천대_반도체대학,가천대_학생회관 -> 가천대_교육대학원 -> 가천대_ai공학관 -> 가천대_총학생회 -> 가천대_일반대학원 -> 가천대_반도체대학,3.5748,676.6,6.0938823529411765,6.5605490196078335,foot
638.6666666666666,가천대_ai공학관,가천대_반도체대학,가천대_ai공학관 -> 가천대_총학생회 -> 가천대_일반대학원 -> 가천대_반도체대학,11.779200000000001,640.0,3.464823529411765,4.798156862745145,ladybug
677.6833333333333,가천대_반도체대학,가천대_일반대학원,가천대_반도체대학 -> 가천대_학생회관 -> 가천대_교육대학원 -> 가천대_ai공학관 -> 가천대_총학생회 -> 가천대_일반대학원,4.2336,685.0,5.900117647058822,13.216784313725498,foot
709.4166666666666,가천대_반도체대학,가천대_교육대학원,가천대_반도체대학 -> 가천대_학생회관 -> 가천대_교육대학원,6.7644,715.0,2.1091764705882348,7.692509803921553,foot
671.6666666666666,가천대_일반대학원,가천대_반도체대학,가천대_일반대학원 -> 가천대_반도체대학,4.2336,673.3,1.245529411764706,2.8788627450979902,ladybug
646.55,가천대_ai공학관,가천대_반도체대학,가천대_ai공학관 -> 가천대_총학생회 -> 가천대_일반대학원 -> 가천대_반도체대학,11.779200000000001,650.0,3.464823529411765,6.914823529411819,ladybug
718.3166666666667,가천대_일반대학원,가천대_반도체대학,가천대_일반대학원 -> 가천대_반도체대학,4.2336,723.3,1.245529411764706,6.228862745097899,foot
680.3166666666667,가천대_학생회관,가천대_반도체대학,가천대_학생회관 -> 가천대_교육대학원 -> 가천대_ai공학관 -> 가천대_총학생회 -> 가천대_일반대학원 -> 가천대_반도체대학,3.5748,686.6,6.0938823529411765,12.37721568627444,foot
623.0,가천대_일반대학원,가천대_반도체대학,가천대_일반대학원 -> 가천대_반도체대학,4.2336,623.3,1.245529411764706,1.545529411764619,ladybug
662.1666666666666,가천대_일반대학원,가천대_반도체대학,가천대_일반대학원 -> 가천대_반도체대학,4.2336,663.3,1.245529411764706,2.3788627450979902,ladybug
654.5666666666667,가천대_반도체대학,가천대_학생회관,가천대_반도체대학 -> 가천대_학생회관,3.5748,655.0,1.051764705882353,1.4850980392155861,ladybug
684.1,가천대_일반대학원,가천대_ai공학관,가천대_일반대학원 -> 가천대_반도체대학 -> 가천대_학생회관 -> 가천대_교육대학원 -> 가천대_ai공학관,7.5468,693.3,4.92635294117647,14.126352941176378,foot
611.15,가천대_일반대학원,가천대_학생회관,가천대_일반대학원 -> 가천대_반도체대학 -> 가천대_학생회관,4.147200000000001,613.3,2.297294117647059,4.447294117647061,foot
701.0,가천대_ai공학관,가천대_반도체대학,가천대_ai공학관 -> 가천대_총학생회 -> 가천대_일반대학원 -> 가천대_반도체대학,11.779200000000001,710.0,3.464823529411765,12.464823529411774,foot
655.75,가천대_반도체대학,가천대_총학생회,가천대_반도체대학 -> 가천대_학생회관 -> 가천대_교육대학원 -> 가천대_ai공학관 -> 가천대_총학생회,9.3252,665.0,4.4018823529411755,13.65188235294113,foot
644.5,가천대_교육대학원,가천대_반도체대학,가천대_교육대학원 -> 가천대_ai공학관 -> 가천대_총학생회 -> 가천대_일반대학원 -> 가천대_반도체대학,6.7644,648.1,5.036470588235294,8.636470588235284,foot
638.0166666666667,가천대_학생회관,가천대_반도체대학,가천대_학생회관 -> 가천대_교육대학원 -> 가천대_ai공학관 -> 가천대_총학생회 -> 가천대_일반대학원 -> 가천대_반도체대학,3.5748,646.6,6.0938823529411765,14.677215686274508,foot
628.6,가천대_교육대학원,가천대_학생회관,가천대_교육대학원 -> 가천대_ai공학관 -> 가천대_총학생회 -> 가천대_일반대학원 -> 가천대_반도체대학 -> 가천대_학생회관,3.5976000000000004,638.1,6.088235294117647,15.58823529411768,foot
696.0166666666667,가천대_반도체대학,가천대_일반대학원,가천대_반도체대학 -> 가천대_학생회관 -> 가천대_교육대학원 -> 가천대_ai공학관 -> 가천대_총학생회 -> 가천대_일반대학원,4.2336,705.0,5.900117647058822,14.883450980392126,foot
682.55,가천대_학생회관,가천대_총학생회,가천대_학생회관 -> 가천대_교육대학원 -> 가천대_ai공학관 -> 가천대_총학생회,6.1584,686.6,3.350117647058823,7.400117647058892,foot
601.2333333333333,가천대_반도체대학,가천대_일반대학원,가천대_반도체대학 -> 가천대_학생회관 -> 가천대_교육대학원 -> 가천대_ai공학관 -> 가천대_총학생회 -> 가천대_일반대학원,4.2336,605.0,5.900117647058822,9.66678431372543,foot
708.9833333333333,가천대_반도체대학,가천대_학생회관,가천대_반도체대학 -> 가천대_학생회관,3.5748,715.0,1.051764705882353,7.068431372548957,foot
611.4,가천대_ai공학관,가천대_교육대학원,가천대_ai공학관 -> 가천대_총학생회 -> 가천대_일반대학원 -> 가천대_반도체대학 -> 가천대_학생회관 -> 가천대_교육대학원,5.3448,620.0,5.574,14.173999999999978,foot
676.2333333333333,가천대_학생회관,가천대_ai공학관,가천대_학생회관 -> 가천대_교육대학원 -> 가천대_ai공학관,8.612400000000001,676.6,2.629058823529411,2.995725490196037,ladybug
602.7666666666667,가천대_반도체대학,가천대_학생회관,가천대_반도체대학 -> 가천대_학생회관,3.5748,605.0,1.051764705882353,3.2850980392156544,ladybug
629.6,가천대_반도체대학,가천대_일반대학원,가천대_반도체대학 -> 가천대_학생회관 -> 가천대_교육대학원 -> 가천대_ai공학관 -> 가천대_총학생회 -> 가천대_일반대학원,4.2336,635.0,5.900117647058822,11.300117647058755,foot
659.6166666666667,가천대_반도체대학,가천대_교육대학원,가천대_반도체대학 -> 가천대_학생회관 -> 가천대_교육대학원,6.7644,665.0,2.1091764705882348,7.492509803921507,foot
671.3333333333334,가천대_학생회관,가천대_반도체대학,가천대_학생회관 -> 가천대_교육대학원 -> 가천대_ai공학관 -> 가천대_총학생회 -> 가천대_일반대학원 -> 가천대_반도체대학,3.5748,676.6,6.0938823529411765,11.360549019607788,foot
615.8166666666667,가천대_ai공학관,가천대_교육대학원,가천대_ai공학관 -> 가천대_총학생회 -> 가천대_일반대학원 -> 가천대_반도체대학 -> 가천대_학생회관 -> 가천대_교육대학원,5.3448,620.0,5.574,9.757333333333236,foot
640.7666666666667,가천대_반도체대학,가천대_교육대학원,가천대_반도체대학 -> 가천대_학생회관 -> 가천대_교육대학원,6.7644,645.0,2.1091764705882348,6.34250980392153,ladybug
678.8333333333334,가천대_일반대학원,가천대_반도체대학,가천대_일반대학원 -> 가천대_반도체대학,4.2336,683.3,1.245529411764706,5.712196078431248,foot
712.0666666666667,가천대_학생회관,가천대_교육대학원,가천대_학생회관 -> 가천대_교육대학원,3.5976000000000004,716.6,1.057411764705882,5.590745098039179,foot
637.8833333333333,가천대_반도체대학,가천대_일반대학원,가천대_반도체대학 -> 가천대_학생회관 -> 가천대_교육대학원 -> 가천대_ai공학관 -> 가천대_총학생회 -> 가천대_일반대학원,4.2336,645.0,5.900117647058822,13.016784313725452,foot
689.0,가천대_반도체대학,가천대_학생회관,가천대_반도체대학 -> 가천대_학생회관,3.5748,695.0,1.051764705882353,7.051764705882306,foot
701.15,가천대_반도체대학,가천대_ai공학관,가천대_반도체대학 -> 가천대_학생회관 -> 가천대_교육대학원 -> 가천대_ai공학관,11.779200000000001,705.0,3.6808235294117635,7.530823529411805,ladybug
672.3166666666667,가천대_반도체대학,가천대_학생회관,가천대_반도체대학 -> 가천대_학생회관,3.5748,675.0,1.051764705882353,3.735098039215586,foot
652.1666666666666,가천대_교육대학원,가천대_일반대학원,가천대_교육대학원 -> 가천대_ai공학관 -> 가천대_총학생회 -> 가천대_일반대학원,2.5320000000000005,658.1,3.7909411764705876,9.72427450980399,foot
666.5833333333334,가천대_학생회관,가천대_반도체대학,가천대_학생회관 -> 가천대_교육대학원 -> 가천대_ai공학관 -> 가천대_총학생회 -> 가천대_일반대학원 -> 가천대_반도체대학,3.5748,666.6,6.0938823529411765,6.110549019607788,foot
638.55,가천대_학생회관,가천대_반도체대학,가천대_학생회관 -> 가천대_교육대학원 -> 가천대_ai공학관 -> 가천대_총학생회 -> 가천대_일반대학원 -> 가천대_반도체대학,3.5748,646.6,6.0938823529411765,14.143882352941205,foot
609.9333333333333,가천대_반도체대학,가천대_총학생회,가천대_반도체대학 -> 가천대_학생회관 -> 가천대_교육대학원 -> 가천대_ai공학관 -> 가천대_총학생회,9.3252,615.0,4.4018823529411755,9.468549019607849,foot
681.9833333333333,가천대_반도체대학,가천대_ai공학관,가천대_반도체대학 -> 가천대_학생회관 -> 가천대_교육대학원 -> 가천대_ai공학관,11.779200000000001,685.0,3.6808235294117635,6.697490196078434,ladybug
600.6166666666667,가천대_반도체대학,가천대_교육대학원,가천대_반도체대학 -> 가천대_학생회관 -> 가천대_교육대학원,6.7644,605.0,2.1091764705882348,6.492509803921507,ladybug
657.6,가천대_교육대학원,가천대_학생회관,가천대_교육대학원 -> 가천대_ai공학관 -> 가천대_총학생회 -> 가천대_일반대학원 -> 가천대_반도체대학 -> 가천대_학생회관,3.5976000000000004,658.1,6.088235294117647,6.5882352941176805,foot
601.3,가천대_일반대학원,가천대_ai공학관,가천대_일반대학원 -> 가천대_반도체대학 -> 가천대_학생회관 -> 가천대_교육대학원 -> 가천대_ai공학관,7.5468,603.3,4.92635294117647,6.926352941176447,ladybug
627.15,가천대_일반대학원,가천대_반도체대학,가천대_일반대학원 -> 가천대_반도체대학,4.2336,633.3,1.245529411764706,7.395529411764642,foot
611.6833333333333,가천대_반도체대학,가천대_교육대학원,가천대_반도체대학 -> 가천대_학생회관 -> 가천대_교육대학원,6.7644,615.0,2.1091764705882348,5.425843137254901,ladybug
660.2833333333333,가천대_반도체대학,가천대_ai공학관,가천대_반도체대학 -> 가천대_학생회관 -> 가천대_교육대학원 -> 가천대_ai공학관,11.779200000000001,665.0,3.6808235294117635,8.39749019607848,ladybug
605.3166666666667,가천대_반도체대학,가천대_총학생회,가천대_반도체대학 -> 가천대_학생회관 -> 가천대_교육대학원 -> 가천대_ai공학관 -> 가천대_총학생회,9.3252,615.0,4.4018823529411755,14.08521568627441,foot
749.9333333333333,가천대_일반대학원,가천대_학생회관,가천대_일반대학원 -> 가천대_반도체대학 -> 가천대_학생회관,4.147200000000001,753.3,2.297294117647059,5.663960784313758,foot
764.0833333333334,가천대_총학생회,가천대_학생회관,가천대_총학생회 -> 가천대_일반대학원 -> 가천대_반도체대학 -> 가천대_학생회관,6.1584,771.3,3.795529411764706,11.012196078431316,foot
882.5833333333334,가천대_교육대학원,가천대_ai공학관,가천대_교육대학원 -> 가천대_ai공학관,5.3448,888.1,1.571647058823529,7.0883137254901385,foot
722.6666666666666,가천대_학생회관,가천대_ai공학관,가천대_학생회관 -> 가천대_교육대학원 -> 가천대_ai공학관,8.612400000000001,726.6,2.629058823529411,6.562392156862757,ladybug
830.9166666666666,가천대_반도체대학,가천대_일반대학원,가천대_반도체대학 -> 가천대_학생회관 -> 가천대_교육대학원 -> 가천대_ai공학관 -> 가천대_총학생회 -> 가천대_일반대학원,4.2336,835.0,5.900117647058822,9.98345098039215,foot
742.1666666666666,가천대_학생회관,가천대_일반대학원,가천대_학생회관 -> 가천대_교육대학원 -> 가천대_ai공학관 -> 가천대_총학생회 -> 가천대_일반대학원,4.147200000000001,746.6,4.84835294117647,9.281686274509866,foot
773.3,가천대_총학생회,가천대_일반대학원,가천대_총학생회 -> 가천대_일반대학원,5.091600000000001,781.3,1.498235294117647,9.498235294117649,foot
788.0666666666667,가천대_교육대학원,가천대_ai공학관,가천대_교육대학원 -> 가천대_ai공학관,5.3448,788.1,1.571647058823529,1.60498039215679,ladybug
796.0333333333333,가천대_교육대학원,가천대_일반대학원,가천대_교육대학원 -> 가천대_ai공학관 -> 가천대_총학생회 -> 가천대_일반대학원,2.5320000000000005,798.1,3.7909411764705876,5.857607843137316,foot
848.65,가천대_학생회관,가천대_교육대학원,가천대_학생회관 -> 가천대_교육대학원,3.5976000000000004,856.6,1.057411764705882,9.007411764705921,foot
775.7666666666667,가천대_일반대학원,가천대_ai공학관,가천대_일반대학원 -> 가천대_반도체대학 -> 가천대_학생회관 -> 가천대_교육대학원 -> 가천대_ai공학관,7.5468,783.3,4.92635294117647,12.45968627450975,foot
819.6833333333333,가천대_ai공학관,가천대_반도체대학,가천대_ai공학관 -> 가천대_총학생회 -> 가천대_일반대학원 -> 가천대_반도체대학,11.779200000000001,820.0,3.464823529411765,3.7814901960784937,ladybug
736.0333333333333,가천대_교육대학원,가천대_ai공학관,가천대_교육대학원 -> 가천대_ai공학관,5.3448,738.1,1.571647058823529,3.6383137254902067,ladybug
723.8833333333333,가천대_반도체대학,가천대_ai공학관,가천대_반도체대학 -> 가천대_학생회관 -> 가천대_교육대학원 -> 가천대_ai공학관,11.779200000000001,725.0,3.6808235294117635,4.797490196078456,ladybug
788.5166666666667,가천대_교육대학원,가천대_총학생회,가천대_교육대학원 -> 가천대_ai공학관 -> 가천대_총학생회,2.8896,798.1,2.2927058823529407,11.876039215686319,foot
835.2333333333333,가천대_교육대학원,가천대_ai공학관,가천대_교육대학원 -> 가천대_ai공학관,5.3448,838.1,1.571647058823529,4.438313725490161,ladybug
865.55,가천대_일반대학원,가천대_총학생회,가천대_일반대학원 -> 가천대_반도체대학 -> 가천대_학생회관 -> 가천대_교육대학원 -> 가천대_ai공학관 -> 가천대_총학생회,5.091600000000001,873.3,5.647411764705882,13.397411764705907,foot
734.75,가천대_반도체대학,가천대_학생회관,가천대_반도체대학 -> 가천대_학생회관,3.5748,735.0,1.051764705882353,1.3017647058823059,ladybug
795.0333333333333,가천대_일반대학원,가천대_반도체대학,가천대_일반대학원 -> 가천대_반도체대학,4.2336,803.3,1.245529411764706,9.512196078431316,foot
769.8666666666667,가천대_학생회관,가천대_총학생회,가천대_학생회관 -> 가천대_교육대학원 -> 가천대_ai공학관 -> 가천대_총학생회,6.1584,776.6,3.350117647058823,10.083450980392172,foot
736.3833333333333,가천대_총학생회,가천대_ai공학관,가천대_총학생회 -> 가천대_일반대학원 -> 가천대_반도체대학 -> 가천대_학생회관 -> 가천대_교육대학원 -> 가천대_ai공학관,2.4552,741.3,6.424588235294117,11.341254901960724,foot
722.05,가천대_학생회관,가천대_일반대학원,가천대_학생회관 -> 가천대_교육대학원 -> 가천대_ai공학관 -> 가천대_총학생회 -> 가천대_일반대학원,4.147200000000001,726.6,4.84835294117647,9.39835294117654,foot
766.5166666666667,가천대_ai공학관,가천대_교육대학원,가천대_ai공학관 -> 가천대_총학생회 -> 가천대_일반대학원 -> 가천대_반도체대학 -> 가천대_학생회관 -> 가천대_교육대학원,5.3448,770.0,5.574,9.057333333333304,foot
865.4,가천대_ai공학관,가천대_반도체대학,가천대_ai공학관 -> 가천대_총학생회 -> 가천대_일반대학원 -> 가천대_반도체대학,11.779200000000001,870.0,3.464823529411765,8.064823529411797,ladybug
849.1166666666667,가천대_반도체대학,가천대_교육대학원,가천대_반도체대학 -> 가천대_학생회관 -> 가천대_교육대학원,6.7644,855.0,2.1091764705882348,7.992509803921507,foot
899.45,가천대_일반대학원,가천대_반도체대학,가천대_일반대학원 -> 가천대_반도체대학,4.2336,903.3,1.245529411764706,5.0955294117645735,foot
868.9333333333333,가천대_총학생회,가천대_학생회관,가천대_총학생회 -> 가천대_일반대학원 -> 가천대_반도체대학 -> 가천대_학생회관,6.1584,871.3,3.795529411764706,6.162196078431407,foot
837.9,가천대_일반대학원,가천대_교육대학원,가천대_일반대학원 -> 가천대_반도체대학 -> 가천대_학생회관 -> 가천대_교육대학원,2.5320000000000005,843.3,3.354705882352941,8.754705882352937,foot
884.4,가천대_총학생회,가천대_ai공학관,가천대_총학생회 -> 가천대_일반대학원 -> 가천대_반도체대학 -> 가천대_학생회관 -> 가천대_교육대학원 -> 가천대_ai공학관,2.4552,891.3,6.424588235294117,13.324588235294073,foot
735.0,가천대_학생회관,가천대_ai공학관,가천대_학생회관 -> 가천대_교육대학원 -> 가천대_ai공학관,8.612400000000001,736.6,2.629058823529411,4.229058823529385,ladybug
834.7,가천대_교육대학원,가천대_학생회관,가천대_교육대학원 -> 가천대_ai공학관 -> 가천대_총학생회 -> 가천대_일반대학원 -> 가천대_반도체대학 -> 가천대_학생회관,3.5976000000000004,838.1,6.088235294117647,9.488235294117658,foot
741.7666666666667,가천대_일반대학원,가천대_학생회관,가천대_일반대학원 -> 가천대_반도체대학 -> 가천대_학생회관,4.147200000000001,743.3,2.297294117647059,3.830627450980387,ladybug
764.3333333333334,가천대_일반대학원,가천대_교육대학원,가천대_일반대학원 -> 가천대_반도체대학 -> 가천대_학생회관 -> 가천대_교육대학원,2.5320000000000005,773.3,3.354705882352941,12.321372549019543,foot
837.95,가천대_총학생회,가천대_반도체대학,가천대_총학생회 -> 가천대_일반대학원 -> 가천대_반도체대학,9.3252,841.3,2.743764705882353,6.093764705882222,ladybug
854.85,가천대_학생회관,가천대_반도체대학,가천대_학생회관 -> 가천대_교육대학원 -> 가천대_ai공학관 -> 가천대_총학생회 -> 가천대_일반대학원 -> 가천대_반도체대학,3.5748,856.6,6.0938823529411765,7.843882352941137,foot
877.7166666666667,가천대_학생회관,가천대_ai공학관,가천대_학생회관 -> 가천대_교육대학원 -> 가천대_ai공학관,8.612400000000001,886.6,2.629058823529411,11.512392156862688,foot
874.1666666666666,가천대_ai공학관,가천대_총학생회,가천대_ai공학관 -> 가천대_총학생회,2.4552,880.0,0.721058823529412,6.554392156862832,foot
740.5166666666667,가천대_ai공학관,가천대_교육대학원,가천대_ai공학관 -> 가천대_총학생회 -> 가천대_일반대학원 -> 가천대_반도체대학 -> 가천대_학생회관 -> 가천대_교육대학원,5.3448,750.0,5.574,15.057333333333304,foot
745.1833333333333,가천대_학생회관,가천대_일반대학원,가천대_학생회관 -> 가천대_교육대학원 -> 가천대_ai공학관 -> 가천대_총학생회 -> 가천대_일반대학원,4.147200000000001,746.6,4.84835294117647,6.2650196078432145,foot
886.6166666666667,가천대_반도체대학,가천대_학생회관,가천대_반도체대학 -> 가천대_학생회관,3.5748,895.0,1.051764705882353,9.435098039215632,foot
835.0833333333334,가천대_일반대학원,가천대_총학생회,가천대_일반대학원 -> 가천대_반도체대학 -> 가천대_학생회관 -> 가천대_교육대학원 -> 가천대_ai공학관 -> 가천대_총학생회,5.091600000000001,843.3,5.647411764705882,13.86407843137249,foot
794.1333333333333,가천대_일반대학원,가천대_학생회관,가천대_일반대학원 -> 가천대_반도체대학 -> 가천대_학생회관,4.147200000000001,803.3,2.297294117647059,11.463960784313713,foot
878.3666666666667,가천대_학생회관,가천대_총학생회,가천대_학생회관 -> 가천대_교육대학원 -> 가천대_ai공학관 -> 가천대_총학생회,6.1584,886.6,3.350117647058823,11.583450980392172,foot
879.6,가천대_학생회관,가천대_교육대학원,가천대_학생회관 -> 가천대_교육대학원,3.5976000000000004,886.6,1.057411764705882,8.057411764705876,foot
866.7333333333333,가천대_학생회관,가천대_일반대학원,가천대_학생회관 -> 가천대_교육대학원 -> 가천대_ai공학관 -> 가천대_총학생회 -> 가천대_일반대학원,4.147200000000001,876.6,4.84835294117647,14.715019607843146,foot
732.3666666666667,가천대_총학생회,가천대_교육대학원,가천대_총학생회 -> 가천대_일반대학원 -> 가천대_반도체대학 -> 가천대_학생회관 -> 가천대_교육대학원,2.8896,741.3,4.852941176470588,13.786274509803889,foot
852.7333333333333,가천대_총학생회,가천대_일반대학원,가천대_총학생회 -> 가천대_일반대학원,5.091600000000001,861.3,1.498235294117647,10.064901960784255,foot
894.0166666666667,가천대_ai공학관,가천대_총학생회,가천대_ai공학관 -> 가천대_총학생회,2.4552,900.0,0.721058823529412,6.704392156862809,foot
783.4166666666666,가천대_교육대학원,가천대_총학생회,가천대_교육대학원 -> 가천대_ai공학관 -> 가천대_총학생회,2.8896,788.1,2.2927058823529407,6.976039215686342,foot
827.7,가천대_ai공학관,가천대_학생회관,가천대_ai공학관 -> 가천대_총학생회 -> 가천대_일반대학원 -> 가천대_반도체대학 -> 가천대_학생회관,8.612400000000001,830.0,4.516588235294118,6.816588235294034,ladybug
767.8666666666667,가천대_ai공학관,가천대_교육대학원,가천대_ai공학관 -> 가천대_총학생회 -> 가천대_일반대학원 -> 가천대_반도체대학 -> 가천대_학생회관 -> 가천대_교육대학원,5.3448,770.0,5.574,7.707333333333281,foot
759.5833333333334,가천대_일반대학원,가천대_교육대학원,가천대_일반대학원 -> 가천대_반도체대학 -> 가천대_학생회관 -> 가천대_교육대학원,2.5320000000000005,763.3,3.354705882352941,7.071372549019543,foot
825.3333333333334,가천대_반도체대학,가천대_학생회관,가천대_반도체대학 -> 가천대_학생회관,3.5748,835.0,1.051764705882353,10.718431372548935,foot
723.0666666666667,가천대_일반대학원,가천대_ai공학관,가천대_일반대학원 -> 가천대_반도체대학 -> 가천대_학생회관 -> 가천대_교육대학원 -> 가천대_ai공학관,7.5468,723.3,4.92635294117647,5.159686274509681,ladybug
822.6666666666666,가천대_반도체대학,가천대_총학생회,가천대_반도체대학 -> 가천대_학생회관 -> 가천대_교육대학원 -> 가천대_ai공학관 -> 가천대_총학생회,9.3252,825.0,4.4018823529411755,6.7352156862745005,ladybug
832.0833333333334,가천대_교육대학원,가천대_총학생회,가천대_교육대학원 -> 가천대_ai공학관 -> 가천대_총학생회,2.8896,838.1,2.2927058823529407,8.3093725490196,foot
799.2166666666667,가천대_반도체대학,가천대_교육대학원,가천대_반도체대학 -> 가천대_학생회관 -> 가천대_교육대학원,6.7644,805.0,2.1091764705882348,7.8925098039214845,foot
767.6,가천대_일반대학원,가천대_ai공학관,가천대_일반대학원 -> 가천대_반도체대학 -> 가천대_학생회관 -> 가천대_교육대학원 -> 가천대_ai공학관,7.5468,773.3,4.92635294117647,10.626352941176378,foot
800.2,가천대_학생회관,가천대_교육대학원,가천대_학생회관 -> 가천대_교육대학원,3.5976000000000004,806.6,1.057411764705882,7.457411764705853,foot
821.0166666666667,가천대_반도체대학,가천대_학생회관,가천대_반도체대학 -> 가천대_학생회관,3.5748,825.0,1.051764705882353,5.035098039215654,foot
737.6166666666667,가천대_ai공학관,가천대_총학생회,가천대_ai공학관 -> 가천대_총학생회,2.4552,740.0,0.721058823529412,3.1043921568627866,foot
746.0666666666667,가천대_교육대학원,가천대_ai공학관,가천대_교육대학원 -> 가천대_ai공학관,5.3448,748.1,1.571647058823529,3.60498039215679,ladybug
846.35,가천대_교육대학원,가천대_ai공학관,가천대_교육대학원 -> 가천대_ai공학관,5.3448,848.1,1.571647058823529,3.321647058823487,ladybug
864.2833333333333,가천대_반도체대학,가천대_학생회관,가천대_반도체대학 -> 가천대_학생회관,3.5748,865.0,1.051764705882353,1.7684313725490028,ladybug
876.6833333333333,가천대_교육대학원,가천대_총학생회,가천대_교육대학원 -> 가천대_ai공학관 -> 가천대_총학생회,2.8896,878.1,2.2927058823529407,3.7093725490196903,foot
858.8833333333333,가천대_교육대학원,가천대_총학생회,가천대_교육대학원 -> 가천대_ai공학관 -> 가천대_총학생회,2.8896,868.1,2.2927058823529407,11.509372549019645,foot
799.45,가천대_반도체대학,가천대_ai공학관,가천대_반도체대학 -> 가천대_학생회관 -> 가천대_교육대학원 -> 가천대_ai공학관,11.779200000000001,805.0,3.6808235294117635,9.230823529411737,ladybug
879.2333333333333,가천대_총학생회,가천대_ai공학관,가천대_총학생회 -> 가천대_일반대학원 -> 가천대_반도체대학 -> 가천대_학생회관 -> 가천대_교육대학원 -> 가천대_ai공학관,2.4552,881.3,6.424588235294117,8.491254901960701,foot
855.4666666666667,가천대_학생회관,가천대_ai공학관,가천대_학생회관 -> 가천대_교육대학원 -> 가천대_ai공학관,8.612400000000001,856.6,2.629058823529411,3.7623921568626884,ladybug
816.9,가천대_교육대학원,가천대_반도체대학,가천대_교육대학원 -> 가천대_ai공학관 -> 가천대_총학생회 -> 가천대_일반대학원 -> 가천대_반도체대학,6.7644,818.1,5.036470588235294,6.236470588235306,ladybug
898.25,가천대_ai공학관,가천대_학생회관,가천대_ai공학관 -> 가천대_총학생회 -> 가천대_일반대학원 -> 가천대_반도체대학 -> 가천대_학생회관,8.612400000000001,900.0,4.516588235294118,6.26658823529408,ladybug
894.4166666666666,가천대_반도체대학,가천대_학생회관,가천대_반도체대학 -> 가천대_학생회관,3.5748,895.0,1.051764705882353,1.635098039215677,ladybug
898.4333333333333,가천대_일반대학원,가천대_교육대학원,가천대_일반대학원 -> 가천대_반도체대학 -> 가천대_학생회관 -> 가천대_교육대학원,2.5320000000000005,903.3,3.354705882352941,8.221372549019634,foot
757.6833333333333,가천대_교육대학원,가천대_ai공학관,가천대_교육대학원 -> 가천대_ai공학관,5.3448,758.1,1.571647058823529,1.9883137254902294,ladybug
817.6833333333333,가천대_총학생회,가천대_교육대학원,가천대_총학생회 -> 가천대_일반대학원 -> 가천대_반도체대학 -> 가천대_학생회관 -> 가천대_교육대학원,2.8896,821.3,4.852941176470588,8.469607843137283,foot
738.6166666666667,가천대_교육대학원,가천대_총학생회,가천대_교육대학원 -> 가천대_ai공학관 -> 가천대_총학생회,2.8896,748.1,2.2927058823529407,11.776039215686296,foot
776.8,가천대_학생회관,가천대_일반대학원,가천대_학생회관 -> 가천대_교육대학원 -> 가천대_ai공학관 -> 가천대_총학생회 -> 가천대_일반대학원,4.147200000000001,786.6,4.84835294117647,14.64835294117654,foot
813.5166666666667,가천대_학생회관,가천대_반도체대학,가천대_학생회관 -> 가천대_교육대학원 -> 가천대_ai공학관 -> 가천대_총학생회 -> 가천대_일반대학원 -> 가천대_반도체대학,3.5748,816.6,6.0938823529411765,9.177215686274508,foot
839.5166666666667,가천대_일반대학원,가천대_반도체대학,가천대_일반대학원 -> 가천대_반도체대학,4.2336,843.3,1.245529411764706,5.0288627450979675,foot
845.2666666666667,가천대_반도체대학,가천대_교육대학원,가천대_반도체대학 -> 가천대_학생회관 -> 가천대_교육대학원,6.7644,855.0,2.1091764705882348,11.84250980392153,foot
760.2,가천대_교육대학원,가천대_반도체대학,가천대_교육대학원 -> 가천대_ai공학관 -> 가천대_총학생회 -> 가천대_일반대학원 -> 가천대_반도체대학,6.7644,768.1,5.036470588235294,12.936470588235238,foot
872.3333333333334,가천대_총학생회,가천대_반도체대학,가천대_총학생회 -> 가천대_일반대학원 -> 가천대_반도체대학,9.3252,881.3,2.743764705882353,11.710431372548896,foot
742.7666666666667,가천대_교육대학원,가천대_반도체대학,가천대_교육대학원 -> 가천대_ai공학관 -> 가천대_총학생회 -> 가천대_일반대학원 -> 가천대_반도체대학,6.7644,748.1,5.036470588235294,10.369803921568632,foot
777.2,가천대_총학생회,가천대_ai공학관,가천대_총학생회 -> 가천대_일반대학원 -> 가천대_반도체대학 -> 가천대_학생회관 -> 가천대_교육대학원 -> 가천대_ai공학관,2.4552,781.3,6.424588235294117,10.524588235294004,foot
817.6833333333333,가천대_반도체대학,가천대_교육대학원,가천대_반도체대학 -> 가천대_학생회관 -> 가천대_교육대학원,6.7644,825.0,2.1091764705882348,9.425843137254901,foot
834.4,가천대_교육대학원,가천대_총학생회,가천대_교육대학원 -> 가천대_ai공학관 -> 가천대_총학생회,2.8896,838.1,2.2927058823529407,5.992705882352993,foot
805.1166666666667,가천대_반도체대학,가천대_ai공학관,가천대_반도체대학 -> 가천대_학생회관 -> 가천대_교육대학원 -> 가천대_ai공학관,11.779200000000001,815.0,3.6808235294117635,13.564156862745108,foot
865.9166666666666,가천대_ai공학관,가천대_교육대학원,가천대_ai공학관 -> 가천대_총학생회 -> 가천대_일반대학원 -> 가천대_반도체대학 -> 가천대_학생회관 -> 가천대_교육대학원,5.3448,870.0,5.574,9.657333333333327,foot
843.35,가천대_반도체대학,가천대_교육대학원,가천대_반도체대학 -> 가천대_학생회관 -> 가천대_교육대학원,6.7644,845.0,2.1091764705882348,3.7591764705881587,ladybug
883.5333333333333,가천대_ai공학관,가천대_반도체대학,가천대_ai공학관 -> 가천대_총학생회 -> 가천대_일반대학원 -> 가천대_반도체대학,11.779200000000001,890.0,3.464823529411765,9.931490196078471,ladybug
754.65,가천대_교육대학원,가천대_반도체대학,가천대_교육대학원 -> 가천대_ai공학관 -> 가천대_총학생회 -> 가천대_일반대학원 -> 가천대_반도체대학,6.7644,758.1,5.036470588235294,8.486470588235306,foot
837.2666666666667,가천대_학생회관,가천대_총학생회,가천대_학생회관 -> 가천대_교육대학원 -> 가천대_ai공학관 -> 가천대_총학생회,6.1584,846.6,3.350117647058823,12.683450980392195,foot
865.8833333333333,가천대_일반대학원,가천대_교육대학원,가천대_일반대학원 -> 가천대_반도체대학 -> 가천대_학생회관 -> 가천대_교육대학원,2.5320000000000005,873.3,3.354705882352941,10.771372549019588,foot
898.6,가천대_총학생회,가천대_학생회관,가천대_총학생회 -> 가천대_일반대학원 -> 가천대_반도체대학 -> 가천대_학생회관,6.1584,901.3,3.795529411764706,6.4955294117646645,foot
844.0,가천대_학생회관,가천대_총학생회,가천대_학생회관 -> 가천대_교육대학원 -> 가천대_ai공학관 -> 가천대_총학생회,6.1584,846.6,3.350117647058823,5.950117647058846,ladybug
794.05,가천대_일반대학원,가천대_반도체대학,가천대_일반대학원 -> 가천대_반도체대학,4.2336,803.3,1.245529411764706,10.495529411764664,foot
730.2333333333333,가천대_학생회관,가천대_총학생회,가천대_학생회관 -> 가천대_교육대학원 -> 가천대_ai공학관 -> 가천대_총학생회,6.1584,736.6,3.350117647058823,9.716784313725498,foot
898.5333333333333,가천대_교육대학원,가천대_반도체대학,가천대_교육대학원 -> 가천대_ai공학관 -> 가천대_총학생회 -> 가천대_일반대학원 -> 가천대_반도체대학,6.7644,908.1,5.036470588235294,14.60313725490198,foot
770.8833333333333,가천대_ai공학관,가천대_총학생회,가천대_ai공학관 -> 가천대_총학생회,2.4552,780.0,0.721058823529412,9.837725490196135,foot
827.5166666666667,가천대_교육대학원,가천대_학생회관,가천대_교육대학원 -> 가천대_ai공학관 -> 가천대_총학생회 -> 가천대_일반대학원 -> 가천대_반도체대학 -> 가천대_학생회관,3.5976000000000004,828.1,6.088235294117647,6.671568627451052,foot
817.1166666666667,가천대_교육대학원,가천대_총학생회,가천대_교육대학원 -> 가천대_ai공학관 -> 가천대_총학생회,2.8896,818.1,2.2927058823529407,3.2760392156862963,foot
748.1166666666667,가천대_일반대학원,가천대_ai공학관,가천대_일반대학원 -> 가천대_반도체대학 -> 가천대_학생회관 -> 가천대_교육대학원 -> 가천대_ai공학관,7.5468,753.3,4.92635294117647,10.109686274509727,foot
756.2666666666667,가천대_교육대학원,가천대_반도체대학,가천대_교육대학원 -> 가천대_ai공학관 -> 가천대_총학생회 -> 가천대_일반대학원 -> 가천대_반도체대학,6.7644,758.1,5.036470588235294,6.869803921568632,foot
733.75,가천대_학생회관,가천대_교육대학원,가천대_학생회관 -> 가천대_교육대학원,3.5976000000000004,736.6,1.057411764705882,3.9074117647058983,foot
838.75,가천대_학생회관,가천대_ai공학관,가천대_학생회관 -> 가천대_교육대학원 -> 가천대_ai공학관,8.612400000000001,846.6,2.629058823529411,10.479058823529385,foot
861.0666666666667,가천대_학생회관,가천대_교육대학원,가천대_학생회관 -> 가천대_교육대학원,3.5976000000000004,866.6,1.057411764705882,6.590745098039179,foot
815.5333333333333,가천대_일반대학원,가천대_반도체대학,가천대_일반대학원 -> 가천대_반도체대학,4.2336,823.3,1.245529411764706,9.012196078431316,foot
887.6833333333333,가천대_반도체대학,가천대_교육대학원,가천대_반도체대학 -> 가천대_학생회관 -> 가천대_교육대학원,6.7644,895.0,2.1091764705882348,9.425843137254901,foot
826.3666666666667,가천대_총학생회,가천대_반도체대학,가천대_총학생회 -> 가천대_일반대학원 -> 가천대_반도체대학,9.3252,831.3,2.743764705882353,7.677098039215593,ladybug
873.65,가천대_ai공학관,가천대_일반대학원,가천대_ai공학관 -> 가천대_총학생회 -> 가천대_일반대학원,7.5468,880.0,2.219294117647059,8.569294117647132,foot
948.4166666666666,가천대_학생회관,가천대_교육대학원,가천대_학생회관 -> 가천대_교육대학원,3.5976000000000004,956.6,1.057411764705882,9.24074509803927,foot
902.15,가천대_ai공학관,가천대_일반대학원,가천대_ai공학관 -> 가천대_총학생회 -> 가천대_일반대학원,7.5468,910.0,2.219294117647059,10.069294117647132,foot
957.1666666666666,가천대_총학생회,가천대_교육대학원,가천대_총학생회 -> 가천대_일반대학원 -> 가천대_반도체대학 -> 가천대_학생회관 -> 가천대_교육대학원,2.8896,961.3,4.852941176470588,8.986274509803934,foot
1002.45,가천대_교육대학원,가천대_반도체대학,가천대_교육대학원 -> 가천대_ai공학관 -> 가천대_총학생회 -> 가천대_일반대학원 -> 가천대_반도체대학,6.7644,1008.1,5.036470588235294,10.686470588235238,foot
1000.9,가천대_학생회관,가천대_ai공학관,가천대_학생회관 -> 가천대_교육대학원 -> 가천대_ai공학관,8.612400000000001,1006.6,2.629058823529411,8.329058823529408,ladybug
1018.0833333333334,가천대_ai공학관,가천대_반도체대학,가천대_ai공학관 -> 가천대_총학생회 -> 가천대_일반대학원 -> 가천대_반도체대학,11.779200000000001,1020.0,3.464823529411765,5.381490196078403,ladybug
907.6166666666668,가천대_일반대학원,가천대_반도체대학,가천대_일반대학원 -> 가천대_반도체대학,4.2336,913.3,1.245529411764706,6.928862745097831,foot
908.15,가천대_반도체대학,가천대_ai공학관,가천대_반도체대학 -> 가천대_학생회관 -> 가천대_교육대학원 -> 가천대_ai공학관,11.779200000000001,915.0,3.6808235294117635,10.530823529411805,ladybug
957.6666666666666,가천대_일반대학원,가천대_교육대학원,가천대_일반대학원 -> 가천대_반도체대학 -> 가천대_학생회관 -> 가천대_교육대학원,2.5320000000000005,963.3,3.354705882352941,8.988039215686285,foot
1052.0333333333333,가천대_총학생회,가천대_교육대학원,가천대_총학생회 -> 가천대_일반대학원 -> 가천대_반도체대학 -> 가천대_학생회관 -> 가천대_교육대학원,2.8896,1061.3,4.852941176470588,14.119607843137146,foot
1032.6,가천대_교육대학원,가천대_학생회관,가천대_교육대학원 -> 가천대_ai공학관 -> 가천대_총학생회 -> 가천대_일반대학원 -> 가천대_반도체대학 -> 가천대_학생회관,3.5976000000000004,1038.1,6.088235294117647,11.588235294117567,foot
912.15,가천대_교육대학원,가천대_총학생회,가천대_교육대학원 -> 가천대_ai공학관 -> 가천대_총학생회,2.8896,918.1,2.2927058823529407,8.242705882352993,foot
1060.7333333333331,가천대_ai공학관,가천대_교육대학원,가천대_ai공학관 -> 가천대_총학생회 -> 가천대_일반대학원 -> 가천대_반도체대학 -> 가천대_학생회관 -> 가천대_교육대학원,5.3448,1070.0,5.574,14.840666666666948,foot
1033.55,가천대_일반대학원,가천대_ai공학관,가천대_일반대학원 -> 가천대_반도체대학 -> 가천대_학생회관 -> 가천대_교육대학원 -> 가천대_ai공학관,7.5468,1043.3,4.92635294117647,14.676352941176447,foot
954.2333333333332,가천대_ai공학관,가천대_일반대학원,가천대_ai공학관 -> 가천대_총학생회 -> 가천대_일반대학원,7.5468,960.0,2.219294117647059,7.985960784313875,foot
923.1166666666668,가천대_ai공학관,가천대_교육대학원,가천대_ai공학관 -> 가천대_총학생회 -> 가천대_일반대학원 -> 가천대_반도체대학 -> 가천대_학생회관 -> 가천대_교육대학원,5.3448,930.0,5.574,12.457333333333168,foot
904.2,가천대_반도체대학,가천대_일반대학원,가천대_반도체대학 -> 가천대_학생회관 -> 가천대_교육대학원 -> 가천대_ai공학관 -> 가천대_총학생회 -> 가천대_일반대학원,4.2336,905.0,5.900117647058822,6.7001176470587325,foot
931.2,가천대_총학생회,가천대_일반대학원,가천대_총학생회 -> 가천대_일반대학원,5.091600000000001,931.3,1.498235294117647,1.5982352941175577,ladybug
1003.0166666666668,가천대_일반대학원,가천대_ai공학관,가천대_일반대학원 -> 가천대_반도체대학 -> 가천대_학생회관 -> 가천대_교육대학원 -> 가천대_ai공학관,7.5468,1003.3,4.92635294117647,5.209686274509636,ladybug
912.05,가천대_ai공학관,가천대_교육대학원,가천대_ai공학관 -> 가천대_총학생회 -> 가천대_일반대학원 -> 가천대_반도체대학 -> 가천대_학생회관 -> 가천대_교육대학원,5.3448,920.0,5.574,13.524000000000001,foot
1078.0833333333333,가천대_교육대학원,가천대_총학생회,가천대_교육대학원 -> 가천대_ai공학관 -> 가천대_총학생회,2.8896,1078.1,2.2927058823529407,2.3093725490195993,ladybug
1027.4333333333334,가천대_반도체대학,가천대_학생회관,가천대_반도체대학 -> 가천대_학생회관,3.5748,1035.0,1.051764705882353,8.618431372548912,foot
901.9333333333332,가천대_교육대학원,가천대_일반대학원,가천대_교육대학원 -> 가천대_ai공학관 -> 가천대_총학생회 -> 가천대_일반대학원,2.5320000000000005,908.1,3.7909411764705876,9.957607843137453,foot
1014.9,가천대_학생회관,가천대_총학생회,가천대_학생회관 -> 가천대_교육대학원 -> 가천대_ai공학관 -> 가천대_총학생회,6.1584,1016.6,3.350117647058823,5.050117647058869,ladybug
1055.8,가천대_교육대학원,가천대_학생회관,가천대_교육대학원 -> 가천대_ai공학관 -> 가천대_총학생회 -> 가천대_일반대학원 -> 가천대_반도체대학 -> 가천대_학생회관,3.5976000000000004,1058.1,6.088235294117647,8.388235294117521,foot
1023.8,가천대_ai공학관,가천대_교육대학원,가천대_ai공학관 -> 가천대_총학생회 -> 가천대_일반대학원 -> 가천대_반도체대학 -> 가천대_학생회관 -> 가천대_교육대학원,5.3448,1030.0,5.574,11.774000000000115,foot
904.6166666666668,가천대_ai공학관,가천대_학생회관,가천대_ai공학관 -> 가천대_총학생회 -> 가천대_일반대학원 -> 가천대_반도체대학 -> 가천대_학생회관,8.612400000000001,910.0,4.516588235294118,9.899921568627292,foot
1029.8166666666666,가천대_일반대학원,가천대_교육대학원,가천대_일반대학원 -> 가천대_반도체대학 -> 가천대_학생회관 -> 가천대_교육대학원,2.5320000000000005,1033.3,3.354705882352941,6.838039215686194,foot
940.6166666666668,가천대_교육대학원,가천대_ai공학관,가천대_교육대학원 -> 가천대_ai공학관,5.3448,948.1,1.571647058823529,9.054980392156722,foot
1027.5,가천대_교육대학원,가천대_학생회관,가천대_교육대학원 -> 가천대_ai공학관 -> 가천대_총학생회 -> 가천대_일반대학원 -> 가천대_반도체대학 -> 가천대_학생회관,3.5976000000000004,1028.1,6.088235294117647,6.688235294117476,foot
939.3666666666668,가천대_교육대학원,가천대_ai공학관,가천대_교육대학원 -> 가천대_ai공학관,5.3448,948.1,1.571647058823529,10.304980392156722,foot
932.2666666666668,가천대_학생회관,가천대_일반대학원,가천대_학생회관 -> 가천대_교육대학원 -> 가천대_ai공학관 -> 가천대_총학생회 -> 가천대_일반대학원,4.147200000000001,936.6,4.84835294117647,9.18168627450973,foot
1059.25,가천대_ai공학관,가천대_일반대학원,가천대_ai공학관 -> 가천대_총학생회 -> 가천대_일반대학원,7.5468,1060.0,2.219294117647059,2.969294117646996,ladybug
905.25,가천대_교육대학원,가천대_학생회관,가천대_교육대학원 -> 가천대_ai공학관 -> 가천대_총학생회 -> 가천대_일반대학원 -> 가천대_반도체대학 -> 가천대_학생회관,3.5976000000000004,908.1,6.088235294117647,8.938235294117703,foot
975.35,가천대_학생회관,가천대_반도체대학,가천대_학생회관 -> 가천대_교육대학원 -> 가천대_ai공학관 -> 가천대_총학생회 -> 가천대_일반대학원 -> 가천대_반도체대학,3.5748,976.6,6.0938823529411765,7.343882352941137,foot
1062.9166666666667,가천대_교육대학원,가천대_학생회관,가천대_교육대학원 -> 가천대_ai공학관 -> 가천대_총학생회 -> 가천대_일반대학원 -> 가천대_반도체대학 -> 가천대_학생회관,3.5976000000000004,1068.1,6.088235294117647,11.271568627450733,foot
1057.45,가천대_총학생회,가천대_ai공학관,가천대_총학생회 -> 가천대_일반대학원 -> 가천대_반도체대학 -> 가천대_학생회관 -> 가천대_교육대학원 -> 가천대_ai공학관,2.4552,1061.3,6.424588235294117,10.274588235294004,foot
1035.95,가천대_교육대학원,가천대_일반대학원,가천대_교육대학원 -> 가천대_ai공학관 -> 가천대_총학생회 -> 가천대_일반대학원,2.5320000000000005,1038.1,3.7909411764705876,5.94094117647046,foot
957.6666666666666,가천대_ai공학관,가천대_학생회관,가천대_ai공학관 -> 가천대_총학생회 -> 가천대_일반대학원 -> 가천대_반도체대학 -> 가천대_학생회관,8.612400000000001,960.0,4.516588235294118,6.849921568627451,ladybug
903.2166666666668,가천대_교육대학원,가천대_총학생회,가천대_교육대학원 -> 가천대_ai공학관 -> 가천대_총학생회,2.8896,908.1,2.2927058823529407,7.17603921568616,foot
1023.5333333333332,가천대_일반대학원,가천대_ai공학관,가천대_일반대학원 -> 가천대_반도체대학 -> 가천대_학생회관 -> 가천대_교육대학원 -> 가천대_ai공학관,7.5468,1033.3,4.92635294117647,14.693019607843212,foot
991.2333333333332,가천대_ai공학관,가천대_학생회관,가천대_ai공학관 -> 가천대_총학생회 -> 가천대_일반대학원 -> 가천대_반도체대학 -> 가천대_학생회관,8.612400000000001,1000.0,4.516588235294118,13.283254901960845,foot
955.4,가천대_학생회관,가천대_ai공학관,가천대_학생회관 -> 가천대_교육대학원 -> 가천대_ai공학관,8.612400000000001,956.6,2.629058823529411,3.829058823529408,ladybug
1070.7166666666667,가천대_총학생회,가천대_교육대학원,가천대_총학생회 -> 가천대_일반대학원 -> 가천대_반도체대학 -> 가천대_학생회관 -> 가천대_교육대학원,2.8896,1071.3,4.852941176470588,5.436274509803752,foot
1052.3,가천대_교육대학원,가천대_반도체대학,가천대_교육대학원 -> 가천대_ai공학관 -> 가천대_총학생회 -> 가천대_일반대학원 -> 가천대_반도체대학,6.7644,1058.1,5.036470588235294,10.836470588235215,foot
930.9666666666668,가천대_학생회관,가천대_일반대학원,가천대_학생회관 -> 가천대_교육대학원 -> 가천대_ai공학관 -> 가천대_총학생회 -> 가천대_일반대학원,4.147200000000001,936.6,4.84835294117647,10.481686274509684,foot
1037.9166666666667,가천대_ai공학관,가천대_일반대학원,가천대_ai공학관 -> 가천대_총학생회 -> 가천대_일반대학원,7.5468,1040.0,2.219294117647059,4.302627450980253,ladybug
1068.1666666666667,가천대_교육대학원,가천대_ai공학관,가천대_교육대학원 -> 가천대_ai공학관,5.3448,1078.1,1.571647058823529,11.504980392156767,foot
908.1666666666666,가천대_총학생회,가천대_교육대학원,가천대_총학생회 -> 가천대_일반대학원 -> 가천대_반도체대학 -> 가천대_학생회관 -> 가천대_교육대학원,2.8896,911.3,4.852941176470588,7.986274509803934,foot
900.3166666666667,가천대_ai공학관,가천대_반도체대학,가천대_ai공학관 -> 가천대_총학생회 -> 가천대_일반대학원 -> 가천대_반도체대학,11.779200000000001,910.0,3.464823529411765,13.148156862745054,foot
986.3166666666668,가천대_교육대학원,가천대_ai공학관,가천대_교육대학원 -> 가천대_ai공학관,5.3448,988.1,1.571647058823529,3.3549803921566763,ladybug
913.35,가천대_일반대학원,가천대_교육대학원,가천대_일반대학원 -> 가천대_반도체대학 -> 가천대_학생회관 -> 가천대_교육대학원,2.5320000000000005,923.3,3.354705882352941,13.304705882352891,foot
1021.4666666666668,가천대_ai공학관,가천대_교육대학원,가천대_ai공학관 -> 가천대_총학생회 -> 가천대_일반대학원 -> 가천대_반도체대학 -> 가천대_학생회관 -> 가천대_교육대학원,5.3448,1030.0,5.574,14.107333333333258,foot
1079.75,가천대_교육대학원,가천대_학생회관,가천대_교육대학원 -> 가천대_ai공학관 -> 가천대_총학생회 -> 가천대_일반대학원 -> 가천대_반도체대학 -> 가천대_학생회관,3.5976000000000004,1088.1,6.088235294117647,14.438235294117476,foot
1026.45,가천대_교육대학원,가천대_일반대학원,가천대_교육대학원 -> 가천대_ai공학관 -> 가천대_총학생회 -> 가천대_일반대학원,2.5320000000000005,1028.1,3.7909411764705876,5.44094117647046,foot
1029.4666666666667,가천대_교육대학원,가천대_ai공학관,가천대_교육대학원 -> 가천대_ai공학관,5.3448,1038.1,1.571647058823529,10.204980392156813,foot
1060.6666666666667,가천대_ai공학관,가천대_교육대학원,가천대_ai공학관 -> 가천대_총학생회 -> 가천대_일반대학원 -> 가천대_반도체대학 -> 가천대_학생회관 -> 가천대_교육대학원,5.3448,1070.0,5.574,14.907333333333327,foot
946.2166666666668,가천대_ai공학관,가천대_학생회관,가천대_ai공학관 -> 가천대_총학생회 -> 가천대_일반대학원 -> 가천대_반도체대학 -> 가천대_학생회관,8.612400000000001,950.0,4.516588235294118,8.29992156862727,ladybug
918.3666666666668,가천대_교육대학원,가천대_ai공학관,가천대_교육대학원 -> 가천대_ai공학관,5.3448,928.1,1.571647058823529,11.304980392156722,foot
1000.5666666666668,가천대_반도체대학,가천대_총학생회,가천대_반도체대학 -> 가천대_학생회관 -> 가천대_교육대학원 -> 가천대_ai공학관 -> 가천대_총학생회,9.3252,1005.0,4.4018823529411755,8.835215686274296,ladybug
998.1666666666666,가천대_일반대학원,가천대_ai공학관,가천대_일반대학원 -> 가천대_반도체대학 -> 가천대_학생회관 -> 가천대_교육대학원 -> 가천대_ai공학관,7.5468,1003.3,4.92635294117647,10.059686274509772,foot
1002.1,가천대_총학생회,가천대_ai공학관,가천대_총학생회 -> 가천대_일반대학원 -> 가천대_반도체대학 -> 가천대_학생회관 -> 가천대_교육대학원 -> 가천대_ai공학관,2.4552,1011.3,6.424588235294117,15.624588235294027,foot
1022.55,가천대_일반대학원,가천대_교육대학원,가천대_일반대학원 -> 가천대_반도체대학 -> 가천대_학생회관 -> 가천대_교육대학원,2.5320000000000005,1023.3,3.354705882352941,4.104705882352846,foot
1031.45,가천대_교육대학원,가천대_ai공학관,가천대_교육대학원 -> 가천대_ai공학관,5.3448,1038.1,1.571647058823529,8.221647058823464,foot
999.5833333333334,가천대_교육대학원,가천대_반도체대학,가천대_교육대학원 -> 가천대_ai공학관 -> 가천대_총학생회 -> 가천대_일반대학원 -> 가천대_반도체대학,6.7644,1008.1,5.036470588235294,13.553137254901912,foot
979.4333333333332,가천대_일반대학원,가천대_총학생회,가천대_일반대학원 -> 가천대_반도체대학 -> 가천대_학생회관 -> 가천대_교육대학원 -> 가천대_ai공학관 -> 가천대_총학생회,5.091600000000001,983.3,5.647411764705882,9.514078431372695,foot
904.0666666666668,가천대_ai공학관,가천대_반도체대학,가천대_ai공학관 -> 가천대_총학생회 -> 가천대_일반대학원 -> 가천대_반도체대학,11.779200000000001,910.0,3.464823529411765,9.39815686274494,ladybug
945.9333333333332,가천대_학생회관,가천대_교육대학원,가천대_학생회관 -> 가천대_교육대학원,3.5976000000000004,946.6,1.057411764705882,1.7240784313727318,ladybug
907.0166666666668,가천대_교육대학원,가천대_ai공학관,가천대_교육대학원 -> 가천대_ai공학관,5.3448,908.1,1.571647058823529,2.6549803921567445,ladybug
954.65,가천대_반도체대학,가천대_교육대학원,가천대_반도체대학 -> 가천대_학생회관 -> 가천대_교육대학원,6.7644,955.0,2.1091764705882348,2.459176470588204,ladybug
1063.3166666666666,가천대_일반대학원,가천대_교육대학원,가천대_일반대학원 -> 가천대_반도체대학 -> 가천대_학생회관 -> 가천대_교육대학원,2.5320000000000005,1073.3,3.354705882352941,13.338039215686194,foot
903.0,가천대_ai공학관,가천대_교육대학원,가천대_ai공학관 -> 가천대_총학생회 -> 가천대_일반대학원 -> 가천대_반도체대학 -> 가천대_학생회관 -> 가천대_교육대학원,5.3448,910.0,5.574,12.573999999999955,foot
988.5666666666668,가천대_교육대학원,가천대_ai공학관,가천대_교육대학원 -> 가천대_ai공학관,5.3448,998.1,1.571647058823529,11.104980392156676,foot
956.8333333333334,가천대_교육대학원,가천대_ai공학관,가천대_교육대학원 -> 가천대_ai공학관,5.3448,958.1,1.571647058823529,2.8383137254901385,ladybug
1040.6,가천대_교육대학원,가천대_반도체대학,가천대_교육대학원 -> 가천대_ai공학관 -> 가천대_총학생회 -> 가천대_일반대학원 -> 가천대_반도체대학,6.7644,1048.1,5.036470588235294,12.536470588235261,foot
971.6166666666668,가천대_학생회관,가천대_교육대학원,가천대_학생회관 -> 가천대_교육대학원,3.5976000000000004,976.6,1.057411764705882,6.04074509803911,foot
1075.9333333333334,가천대_반도체대학,가천대_교육대학원,가천대_반도체대학 -> 가천대_학생회관 -> 가천대_교육대학원,6.7644,1085.0,2.1091764705882348,11.175843137254788,foot
915.55,가천대_교육대학원,가천대_반도체대학,가천대_교육대학원 -> 가천대_ai공학관 -> 가천대_총학생회 -> 가천대_일반대학원 -> 가천대_반도체대학,6.7644,918.1,5.036470588235294,7.586470588235329,foot
1061.7333333333331,가천대_반도체대학,가천대_총학생회,가천대_반도체대학 -> 가천대_학생회관 -> 가천대_교육대학원 -> 가천대_ai공학관 -> 가천대_총학생회,9.3252,1065.0,4.4018823529411755,7.668549019608008,ladybug
1079.6333333333334,가천대_총학생회,가천대_교육대학원,가천대_총학생회 -> 가천대_일반대학원 -> 가천대_반도체대학 -> 가천대_학생회관 -> 가천대_교육대학원,2.8896,1081.3,4.852941176470588,6.51960784313701,foot
1057.0666666666666,가천대_교육대학원,가천대_총학생회,가천대_교육대학원 -> 가천대_ai공학관 -> 가천대_총학생회,2.8896,1058.1,2.2927058823529407,3.326039215686251,foot
1043.9166666666667,가천대_학생회관,가천대_ai공학관,가천대_학생회관 -> 가천대_교육대학원 -> 가천대_ai공학관,8.612400000000001,1046.6,2.629058823529411,5.312392156862643,ladybug
960.6333333333332,가천대_교육대학원,가천대_학생회관,가천대_교육대학원 -> 가천대_ai공학관 -> 가천대_총학생회 -> 가천대_일반대학원 -> 가천대_반도체대학 -> 가천대_학생회관,3.5976000000000004,968.1,6.088235294117647,13.554901960784491,foot
947.05,가천대_총학생회,가천대_ai공학관,가천대_총학생회 -> 가천대_일반대학원 -> 가천대_반도체대학 -> 가천대_학생회관 -> 가천대_교육대학원 -> 가천대_ai공학관,2.4552,951.3,6.424588235294117,10.674588235294095,foot
942.3666666666668,가천대_교육대학원,가천대_총학생회,가천대_교육대학원 -> 가천대_ai공학관 -> 가천대_총학생회,2.8896,948.1,2.2927058823529407,8.026039215686183,foot
997.1333333333332,가천대_ai공학관,가천대_총학생회,가천대_ai공학관 -> 가천대_총학생회,2.4552,1000.0,0.721058823529412,3.5877254901962488,foot
1012.05,가천대_반도체대학,가천대_일반대학원,가천대_반도체대학 -> 가천대_학생회관 -> 가천대_교육대학원 -> 가천대_ai공학관 -> 가천대_총학생회 -> 가천대_일반대학원,4.2336,1015.0,5.900117647058822,8.850117647058823,foot
1060.4,가천대_학생회관,가천대_교육대학원,가천대_학생회관 -> 가천대_교육대학원,3.5976000000000004,1066.6,1.057411764705882,7.257411764705694,foot
953.3833333333332,가천대_총학생회,가천대_학생회관,가천대_총학생회 -> 가천대_일반대학원 -> 가천대_반도체대학 -> 가천대_학생회관,6.1584,961.3,3.795529411764706,11.712196078431475,foot
1000.8666666666668,가천대_교육대학원,가천대_반도체대학,가천대_교육대학원 -> 가천대_ai공학관 -> 가천대_총학생회 -> 가천대_일반대학원 -> 가천대_반도체대학,6.7644,1008.1,5.036470588235294,12.269803921568496,foot
939.0333333333332,가천대_교육대학원,가천대_총학생회,가천대_교육대학원 -> 가천대_ai공학관 -> 가천대_총학생회,2.8896,948.1,2.2927058823529407,11.359372549019781,foot
1067.0833333333333,가천대_교육대학원,가천대_ai공학관,가천대_교육대학원 -> 가천대_ai공학관,5.3448,1068.1,1.571647058823529,2.588313725490252,ladybug
975.6666666666666,가천대_교육대학원,가천대_반도체대학,가천대_교육대학원 -> 가천대_ai공학관 -> 가천대_총학생회 -> 가천대_일반대학원 -> 가천대_반도체대학,6.7644,978.1,5.036470588235294,7.469803921568655,foot
1047.05,가천대_총학생회,가천대_ai공학관,가천대_총학생회 -> 가천대_일반대학원 -> 가천대_반도체대학 -> 가천대_학생회관 -> 가천대_교육대학원 -> 가천대_ai공학관,2.4552,1051.3,6.424588235294117,10.674588235294095,foot
937.15,가천대_ai공학관,가천대_교육대학원,가천대_ai공학관 -> 가천대_총학생회 -> 가천대_일반대학원 -> 가천대_반도체대학 -> 가천대_학생회관 -> 가천대_교육대학원,5.3448,940.0,5.574,8.423999999999978,foot
987.8333333333334,가천대_ai공학관,가천대_교육대학원,가천대_ai공학관 -> 가천대_총학생회 -> 가천대_일반대학원 -> 가천대_반도체대학 -> 가천대_학생회관 -> 가천대_교육대학원,5.3448,990.0,5.574,7.740666666666584,foot
1078.4666666666667,가천대_교육대학원,가천대_ai공학관,가천대_교육대학원 -> 가천대_ai공학관,5.3448,1088.1,1.571647058823529,11.204980392156813,foot
1073.6833333333334,가천대_ai공학관,가천대_학생회관,가천대_ai공학관 -> 가천대_총학생회 -> 가천대_일반대학원 -> 가천대_반도체대학 -> 가천대_학생회관,8.612400000000001,1080.0,4.516588235294118,10.8332549019608,foot
1047.7,가천대_교육대학원,가천대_학생회관,가천대_교육대학원 -> 가천대_ai공학관 -> 가천대_총학생회 -> 가천대_일반대학원 -> 가천대_반도체대학 -> 가천대_학생회관,3.5976000000000004,1048.1,6.088235294117647,6.48823529411743,foot
919.6833333333332,가천대_반도체대학,가천대_교육대학원,가천대_반도체대학 -> 가천대_학생회관 -> 가천대_교육대학원,6.7644,925.0,2.1091764705882348,7.425843137255015,foot
1052.3666666666666,가천대_일반대학원,가천대_ai공학관,가천대_일반대학원 -> 가천대_반도체대학 -> 가천대_학생회관 -> 가천대_교육대학원 -> 가천대_ai공학관,7.5468,1053.3,4.92635294117647,5.859686274509841,ladybug
1058.1,가천대_학생회관,가천대_일반대학원,가천대_학생회관 -> 가천대_교육대학원 -> 가천대_ai공학관 -> 가천대_총학생회 -> 가천대_일반대학원,4.147200000000001,1066.6,4.84835294117647,13.348352941176472,foot
1078.25,가천대_반도체대학,가천대_총학생회,가천대_반도체대학 -> 가천대_학생회관 -> 가천대_교육대학원 -> 가천대_ai공학관 -> 가천대_총학생회,9.3252,1085.0,4.4018823529411755,11.15188235294113,foot
908.65,가천대_총학생회,가천대_일반대학원,가천대_총학생회 -> 가천대_일반대학원,5.091600000000001,911.3,1.498235294117647,4.148235294117626,ladybug
1027.7166666666667,가천대_총학생회,가천대_일반대학원,가천대_총학생회 -> 가천대_일반대학원,5.091600000000001,1031.3,1.498235294117647,5.081568627450906,ladybug
999.45,가천대_교육대학원,가천대_일반대학원,가천대_교육대학원 -> 가천대_ai공학관 -> 가천대_총학생회 -> 가천대_일반대학원,2.5320000000000005,1008.1,3.7909411764705876,12.440941176470574,foot
988.9333333333332,가천대_학생회관,가천대_ai공학관,가천대_학생회관 -> 가천대_교육대학원 -> 가천대_ai공학관,8.612400000000001,996.6,2.629058823529411,10.295725490196219,foot
1002.35,가천대_교육대학원,가천대_ai공학관,가천대_교육대학원 -> 가천대_ai공학관,5.3448,1008.1,1.571647058823529,7.321647058823487,foot
1024.0833333333333,가천대_ai공학관,가천대_교육대학원,가천대_ai공학관 -> 가천대_총학생회 -> 가천대_일반대학원 -> 가천대_반도체대학 -> 가천대_학생회관 -> 가천대_교육대학원,5.3448,1030.0,5.574,11.490666666666812,foot
945.9333333333332,가천대_교육대학원,가천대_학생회관,가천대_교육대학원 -> 가천대_ai공학관 -> 가천대_총학생회 -> 가천대_일반대학원 -> 가천대_반도체대학 -> 가천대_학생회관,3.5976000000000004,948.1,6.088235294117647,8.254901960784537,foot
